City_ID,City,Lat,Lng,Max Temp,Humidity,Cloudiness,Wind Speed,Country,Date
0,New Norfolk,-42.7826,147.0587,71.92,54,64,3.47,AU,2022-02-08 23:25:51
1,Rikitea,-23.1203,-134.9692,78.98,70,75,12.64,PF,2022-02-08 23:25:52
2,Lebu,-37.6167,-73.65,61.5,82,16,17.78,CL,2022-02-08 23:25:52
3,Kahului,20.8947,-156.47,83.46,65,20,17.27,US,2022-02-08 23:25:53
4,Jaguey Grande,22.5269,-81.1286,75.85,59,15,3.06,CU,2022-02-08 23:25:53
5,Khatanga,71.9667,102.5,4.68,85,100,15.86,RU,2022-02-08 23:25:54
6,Punta Arenas,-53.15,-70.9167,55.51,47,75,5.75,CL,2022-02-08 23:21:19
7,Kasamwa,-2.85,32.4333,64.81,89,92,2.35,TZ,2022-02-08 23:25:55
8,Sarahan,31.5167,77.8,32.7,92,100,0.49,IN,2022-02-08 23:25:55
9,Saskylakh,71.9167,114.0833,2.62,84,100,14.5,RU,2022-02-08 23:25:56
10,Tuatapere,-46.1333,167.6833,60.82,65,93,4.18,NZ,2022-02-08 23:25:56
11,Upernavik,72.7868,-56.1549,-17.14,92,100,6.46,GL,2022-02-08 23:25:57
12,Jamestown,42.097,-79.2353,27.09,74,100,9.22,US,2022-02-08 23:25:57
13,Atuona,-9.8,-139.0333,78.62,77,17,15.52,PF,2022-02-08 23:25:57
14,Avera,33.194,-82.5271,51.67,54,85,2.89,US,2022-02-08 23:25:58
15,Port Alfred,-33.5906,26.891,70.97,88,6,9.22,ZA,2022-02-08 23:25:58
16,Anau,-16.5167,-151.7333,81.37,77,19,19.15,PF,2022-02-08 23:25:59
17,Nanakuli,21.3906,-158.1547,81.1,58,100,14.97,US,2022-02-08 23:25:59
18,Ushuaia,-54.8,-68.3,53.26,54,20,12.66,AR,2022-02-08 23:24:29
19,Belmonte,-15.8631,-38.8828,81.1,85,6,7.56,BR,2022-02-08 23:26:00
20,Bredasdorp,-34.5322,20.0403,60.28,88,30,3.44,ZA,2022-02-08 23:26:00
21,Dikson,73.5069,80.5464,1.71,95,100,22.15,RU,2022-02-08 23:26:01
22,Carndonagh,55.25,-7.2667,43.75,83,100,19.35,IE,2022-02-08 23:26:01
23,Thompson,55.7435,-97.8558,15.96,79,100,10.36,CA,2022-02-08 23:26:02
24,East London,-33.0153,27.9116,73.99,87,4,4.5,ZA,2022-02-08 23:26:02
25,Pochutla,15.7432,-96.4661,79.65,59,48,5.75,MX,2022-02-08 23:26:02
26,Arraial Do Cabo,-22.9661,-42.0278,72.63,92,100,14.7,BR,2022-02-08 23:26:03
27,Husavik,66.0449,-17.3389,28.31,95,100,23.11,IS,2022-02-08 23:26:03
28,Mataura,-46.1927,168.8643,60.48,73,100,4.07,NZ,2022-02-08 23:26:04
29,Nanortalik,60.1432,-45.2371,10.22,64,5,22.55,GL,2022-02-08 23:26:04
30,Qaanaaq,77.484,-69.3632,-14.58,92,100,5.57,GL,2022-02-08 23:26:05
31,Kodiak,57.79,-152.4072,26.11,54,0,17.27,US,2022-02-08 23:26:05
32,Santa Rosa,14.3122,121.1114,80.85,71,14,10.63,PH,2022-02-08 23:24:23
33,Nizhnevartovsk,60.9344,76.5531,-8.99,84,20,7.0,RU,2022-02-08 23:26:06
34,San Pedro De Macoris,18.4616,-69.2972,78.93,85,84,9.8,DO,2022-02-08 23:26:06
35,Barrow,71.2906,-156.7887,-30.98,99,0,8.05,US,2022-02-08 23:26:07
36,Malanje,-9.5402,16.341,61.81,89,100,3.94,AO,2022-02-08 23:26:07
37,Westport,41.1415,-73.3579,37.89,65,20,11.5,US,2022-02-08 23:23:05
38,Cape Town,-33.9258,18.4232,67.08,80,20,5.75,ZA,2022-02-08 23:21:37
39,Castro,-24.7911,-50.0119,65.17,87,72,5.23,BR,2022-02-08 23:26:08
40,Bubaque,11.2833,-15.8333,78.1,71,2,11.16,GW,2022-02-08 23:26:09
41,Busselton,-33.65,115.3333,58.05,76,3,6.11,AU,2022-02-08 23:26:09
42,Gat,31.61,34.7642,53.4,48,53,7.14,IL,2022-02-08 23:26:10
43,Kapaa,22.0752,-159.319,79.2,64,20,10.36,US,2022-02-08 23:26:10
44,Lagoa,39.05,-27.9833,59.58,73,89,14.38,PT,2022-02-08 23:22:55
45,Berlevag,70.8578,29.0864,22.24,87,69,17.65,NO,2022-02-08 23:26:11
46,Henties Bay,-22.116,14.2845,70.86,83,17,1.34,NA,2022-02-08 23:26:11
47,Maesteg,51.6093,-3.6582,49.15,91,100,17.13,GB,2022-02-08 23:27:12
48,Lithgow,-33.4833,150.15,70.86,39,3,6.13,AU,2022-02-08 23:27:12
49,Alofi,-19.0595,-169.9187,76.89,89,100,3.44,NU,2022-02-08 23:27:13
50,Bilibino,68.0546,166.4372,-25.15,75,16,1.59,RU,2022-02-08 23:27:13
51,Hay River,60.8156,-115.7999,-9.42,70,75,8.05,CA,2022-02-08 23:27:14
52,Mehamn,71.0357,27.8492,19.38,89,88,14.94,NO,2022-02-08 23:27:14
53,Saint-Philippe,-21.3585,55.7679,76.55,87,82,8.63,RE,2022-02-08 23:27:15
54,Cherskiy,68.75,161.3,-42.38,99,83,4.07,RU,2022-02-08 23:27:15
55,San Patricio,28.017,-97.5169,68.68,27,0,1.77,US,2022-02-08 23:27:15
56,Chuy,-33.6971,-53.4616,64.69,72,8,6.73,UY,2022-02-08 23:27:16
57,Aksarka,66.5606,67.7975,-4.65,99,100,12.35,RU,2022-02-08 23:27:16
58,Nampula,-15.1165,39.2666,75.15,94,40,2.3,MZ,2022-02-08 23:25:12
59,Kavieng,-2.5744,150.7967,82.69,78,100,9.28,PG,2022-02-08 23:23:12
60,Hermanus,-34.4187,19.2345,64.9,86,65,7.18,ZA,2022-02-08 23:26:28
61,Hobart,-42.8794,147.3294,72.27,61,20,8.05,AU,2022-02-08 23:25:06
62,Nuuk,64.1835,-51.7216,9.21,66,75,18.41,GL,2022-02-08 23:27:18
63,Tagusao,9.1924,117.8141,78.78,78,100,3.89,PH,2022-02-08 23:27:18
64,Kysyl-Syr,63.8986,122.7617,-44.28,100,93,0.69,RU,2022-02-08 23:27:19
65,Torbay,47.6666,-52.7314,30.58,86,100,17.27,CA,2022-02-08 23:27:20
66,Coihaique,-45.5752,-72.0662,62.55,39,40,9.22,CL,2022-02-08 23:24:28
67,Vaini,-21.2,-175.2,80.47,82,66,23.04,TO,2022-02-08 23:26:22
68,Cockburn Town,21.4612,-71.1419,77.74,77,1,16.8,TC,2022-02-08 23:27:21
69,Taseyevo,57.2169,94.8978,-23.3,100,33,2.46,RU,2022-02-08 23:27:21
70,Rossland,49.0831,-117.8022,38.64,76,98,1.57,CA,2022-02-08 23:27:21
71,Broken Hill,-31.95,141.4333,78.51,47,55,4.61,AU,2022-02-08 23:27:22
72,Poronaysk,49.2167,143.1167,10.0,84,92,6.64,RU,2022-02-08 23:27:22
73,Zyryanka,65.75,150.85,-45.11,100,73,5.32,RU,2022-02-08 23:27:23
74,Along,28.1667,94.7667,48.34,88,78,1.36,IN,2022-02-08 23:27:23
75,Hilo,19.7297,-155.09,78.53,72,40,8.05,US,2022-02-08 23:23:34
76,Nikolskoye,59.7035,30.7861,28.8,96,100,4.81,RU,2022-02-08 23:27:24
77,Ouallam,14.3188,2.0866,74.46,12,0,10.31,NE,2022-02-08 23:27:25
78,Montrose,38.4166,-108.2673,41.34,40,0,3.6,US,2022-02-08 23:27:26
79,Xam Nua,20.4197,104.0439,56.26,97,83,2.86,LA,2022-02-08 23:27:27
80,Lodwar,3.1191,35.5973,83.19,32,65,6.67,KE,2022-02-08 23:27:27
81,Yaan,7.3833,8.5667,82.62,14,52,3.29,NG,2022-02-08 23:27:28
82,Pevek,69.7008,170.3133,-31.83,100,48,4.79,RU,2022-02-08 23:27:28
83,Nome,64.5011,-165.4064,1.47,66,100,19.57,US,2022-02-08 23:27:28
84,Sorong,-0.8833,131.25,79.29,83,100,4.81,ID,2022-02-08 23:27:29
85,Gewane,10.1664,40.6453,73.96,47,32,5.7,ET,2022-02-08 23:27:29
86,Carauari,-4.8828,-66.8958,74.1,97,100,1.41,BR,2022-02-08 23:27:30
87,Marathon,44.9,-89.7668,36.64,64,100,6.91,US,2022-02-08 23:27:30
88,Rindal,63.0565,9.2124,32.38,91,100,8.97,NO,2022-02-08 23:28:31
89,Itoman,26.1247,127.6694,62.62,82,40,8.05,JP,2022-02-08 23:28:31
90,Tuktoyaktuk,69.4541,-133.0374,-40.0,67,20,3.44,CA,2022-02-08 23:26:38
91,Lompoc,34.6391,-120.4579,78.94,51,0,9.22,US,2022-02-08 23:24:29
92,Nehe,48.4833,124.8333,5.29,96,100,6.02,CN,2022-02-08 23:28:32
93,Airai,-8.9266,125.4092,63.97,91,100,0.74,TL,2022-02-08 23:28:33
94,Tiksi,71.6872,128.8694,-18.42,98,79,9.08,RU,2022-02-08 23:28:33
95,Kautokeino,69.0125,23.0412,15.93,95,100,11.36,NO,2022-02-08 23:28:34
96,Mianwali,32.5741,71.5264,50.99,67,5,3.18,PK,2022-02-08 23:28:34
97,Mangai,-4.05,19.5333,74.34,79,100,2.21,CD,2022-02-08 23:28:35
98,Wewak,-3.5534,143.6268,81.54,79,73,2.37,PG,2022-02-08 23:28:35
99,Samarai,-10.6167,150.6667,82.78,73,49,3.91,PG,2022-02-08 23:28:35
100,Port Elizabeth,-33.918,25.5701,62.89,94,0,11.5,ZA,2022-02-08 23:26:47
101,Bria,6.5423,21.9863,70.11,25,27,3.56,CF,2022-02-08 23:28:36
102,Avarua,-21.2078,-159.775,78.85,89,75,11.5,CK,2022-02-08 23:28:36
103,Rancagua,-34.1708,-70.7444,87.66,20,0,7.67,CL,2022-02-08 23:28:37
104,Karaton,-6.3424,106.1045,75.36,93,100,1.16,ID,2022-02-08 23:28:37
105,Bethel,41.3712,-73.414,36.46,69,75,4.61,US,2022-02-08 23:28:38
106,Santa Maria,-29.6842,-53.8069,74.5,60,0,4.61,BR,2022-02-08 23:23:39
107,Zhigalovo,54.8097,105.1578,-7.06,100,99,1.25,RU,2022-02-08 23:28:39
108,Lata,40.1629,-8.3327,51.71,67,0,4.63,PT,2022-02-08 23:28:39
109,Koroni,36.8,21.95,44.08,58,3,6.87,GR,2022-02-08 23:28:40
110,Marsh Harbour,26.5412,-77.0636,74.17,75,11,4.7,BS,2022-02-08 23:28:40
111,Bluff,-46.6,168.3333,60.8,80,95,9.08,NZ,2022-02-08 23:28:41
112,Ostersund,63.1792,14.6357,25.25,74,15,8.05,SE,2022-02-08 23:28:41
113,Tasiilaq,65.6145,-37.6368,21.36,81,99,9.24,GL,2022-02-08 23:28:42
114,Abu Samrah,35.3029,37.1841,48.96,81,68,5.19,SY,2022-02-08 23:28:42
115,Buchmany,51.0689,28.0421,32.02,98,100,12.08,UA,2022-02-08 23:28:43
116,Batsfjord,70.6345,29.7185,20.44,90,83,14.47,NO,2022-02-08 23:28:43
117,Yellowknife,62.456,-114.3525,-12.59,89,75,4.61,CA,2022-02-08 23:28:44
118,Butaritari,3.0707,172.7902,82.0,77,71,13.85,KI,2022-02-08 23:28:44
119,Vladyslavivka,45.1667,35.3667,39.09,95,100,16.53,UA,2022-02-08 23:28:45
120,Ribeira Grande,38.5167,-28.7,60.35,70,93,5.95,PT,2022-02-08 23:28:45
121,Marystown,47.1666,-55.1483,33.85,100,100,10.0,CA,2022-02-08 23:28:46
122,Wanning,18.8003,110.3967,70.88,93,85,7.36,CN,2022-02-08 23:28:46
123,Kirakira,-10.4544,161.9205,82.2,80,100,11.23,SB,2022-02-08 23:28:47
124,Kostomuksha,64.571,30.5767,21.27,95,100,7.16,RU,2022-02-08 23:28:47
125,Shache,38.4167,77.2406,27.88,50,100,5.57,CN,2022-02-08 23:28:47
126,Aykhal,66.0,111.5,-19.59,99,82,4.76,RU,2022-02-08 23:28:48
127,Nago,26.5881,127.9761,64.56,78,69,9.31,JP,2022-02-08 23:28:48
128,Severo-Kurilsk,50.6789,156.125,30.78,93,96,25.68,RU,2022-02-08 23:23:58
129,Vabalninkas,55.9667,24.75,34.11,89,85,10.98,LT,2022-02-08 23:28:49
130,Partenit,44.578,34.3446,35.2,89,100,12.24,UA,2022-02-08 23:28:49
131,Sola,-13.8833,167.55,80.78,81,100,30.42,VU,2022-02-08 23:28:50
132,Victoria,22.2855,114.1577,61.32,82,100,7.0,HK,2022-02-08 23:28:50
133,Provideniya,64.3833,-173.3,-2.09,60,0,15.66,RU,2022-02-08 23:27:15
134,Anadyr,64.75,177.4833,-30.5,66,20,8.95,RU,2022-02-08 23:28:51
135,Bonavista,48.6499,-53.1147,31.12,79,100,19.3,CA,2022-02-08 23:28:51
136,General Roca,-39.0333,-67.5833,88.2,11,37,4.23,AR,2022-02-08 23:29:52
137,Okha,53.5739,142.9478,16.38,93,100,17.83,RU,2022-02-08 23:29:53
138,Kyzyl-Suu,42.3414,78.0056,20.77,67,100,8.66,KG,2022-02-08 23:29:53
139,Albany,42.6001,-73.9662,33.28,75,41,3.0,US,2022-02-08 23:29:54
140,Taltal,-25.4,-70.4833,67.55,75,23,5.68,CL,2022-02-08 23:29:54
141,Harlingen,26.1906,-97.6961,69.35,43,0,9.22,US,2022-02-08 23:27:14
142,Anjozorobe,-18.4,47.8667,68.32,95,93,2.44,MG,2022-02-08 23:29:55
143,Esperance,-33.8667,121.9,66.04,64,36,5.1,AU,2022-02-08 23:29:55
144,Puerto Asis,0.5133,-76.5007,72.19,94,97,1.48,CO,2022-02-08 23:29:56
145,Luena,-11.7833,19.9167,60.94,97,98,3.91,AO,2022-02-08 23:29:56
146,Quimper,48.0,-4.1,47.23,100,100,4.61,FR,2022-02-08 23:29:57
147,Ponta Do Sol,32.6667,-17.1,65.03,48,40,10.4,PT,2022-02-08 23:29:57
148,Ilulissat,69.2167,-51.1,-5.78,59,35,20.71,GL,2022-02-08 23:29:58
149,Manta,-0.95,-80.7333,76.78,78,40,9.22,EC,2022-02-08 23:29:58
150,Saint George,37.1041,-113.5841,70.27,15,0,4.0,US,2022-02-08 23:27:21
151,Half Moon Bay,37.4636,-122.4286,75.67,39,0,5.75,US,2022-02-08 23:29:59
152,Zhigansk,66.7697,123.3711,-42.09,100,98,1.74,RU,2022-02-08 23:29:59
153,Mayumba,-3.432,10.6554,77.76,90,99,3.31,GA,2022-02-08 23:30:00
154,Port Hueneme,34.1478,-119.1951,84.79,11,0,13.8,US,2022-02-08 23:30:01
155,Touros,-5.1989,-35.4608,81.5,70,4,13.94,BR,2022-02-08 23:30:02
156,Te Anau,-45.4167,167.7167,64.17,71,92,0.96,NZ,2022-02-08 23:29:37
157,Camargo,27.6667,-105.1667,60.55,15,0,6.06,MX,2022-02-08 23:30:03
158,Puerto Ayora,-0.7393,-90.3518,74.64,77,56,7.67,EC,2022-02-08 23:30:04
159,Dolores,-36.3132,-57.6792,60.46,76,1,8.05,AR,2022-02-08 23:30:02
160,Penha,-26.7694,-48.6458,76.87,57,75,9.22,BR,2022-02-08 23:30:05
161,Jiexiu,37.0244,111.9125,28.33,61,14,4.9,CN,2022-02-08 23:30:06
162,Babati,-4.2167,35.75,62.78,89,89,1.34,TZ,2022-02-08 23:30:07
163,Aberystwyth,52.4155,-4.0829,50.77,90,100,18.07,GB,2022-02-08 23:30:08
164,Gueret,46.1667,1.8667,43.43,81,11,3.65,FR,2022-02-08 23:30:09
165,Hithadhoo,-0.6,73.0833,81.82,71,99,13.47,MV,2022-02-08 23:30:09
166,Latung,5.5,120.8833,81.61,73,99,2.64,PH,2022-02-08 23:30:10
167,Lumphat,13.4878,106.9816,75.16,72,14,6.08,KH,2022-02-08 23:30:11
168,Cidreira,-30.1811,-50.2056,70.72,75,31,9.93,BR,2022-02-08 23:30:11
169,Bambous Virieux,-20.3428,57.7575,75.45,88,40,2.3,MU,2022-02-08 23:30:12
170,Tra Vinh,9.9347,106.3453,78.37,78,100,11.1,VN,2022-02-08 23:30:12
171,Yumen,40.2833,97.2,16.88,50,27,5.37,CN,2022-02-08 23:30:13
172,Ngawi,-7.4038,111.4461,75.49,91,100,1.81,ID,2022-02-08 23:30:13
173,Arlit,18.7369,7.3853,65.35,9,0,4.38,NE,2022-02-08 23:30:14
174,Talnakh,69.4865,88.3972,-0.8,96,100,11.77,RU,2022-02-08 23:30:14
175,Staryy Nadym,65.6118,72.6842,-6.05,92,98,13.31,RU,2022-02-08 23:30:14
176,Sao Filipe,14.8961,-24.4956,72.09,75,1,2.62,CV,2022-02-08 23:30:15
177,Fort Nelson,58.8053,-122.7002,4.59,78,75,3.44,CA,2022-02-08 23:28:37
178,Souillac,-20.5167,57.5167,75.58,88,40,2.3,MU,2022-02-08 23:30:16
179,Namibe,-15.1961,12.1522,72.95,81,100,10.69,AO,2022-02-08 23:30:16
180,Rabo De Peixe,37.8,-25.5833,56.28,94,20,6.91,PT,2022-02-08 23:30:17
181,Quatre Cocos,-20.2078,57.7625,75.31,81,94,7.92,MU,2022-02-08 23:29:36
182,Hasaki,35.7333,140.8333,39.29,57,96,18.32,JP,2022-02-08 23:30:17
183,Hambantota,6.1241,81.1185,76.26,68,100,11.65,LK,2022-02-08 23:30:18
184,Sioux Lookout,50.1001,-91.917,26.98,93,100,8.05,CA,2022-02-08 23:31:18
185,Gorzow Wielkopolski,52.7368,15.2288,47.59,78,75,4.0,PL,2022-02-08 23:31:19
186,Vestmanna,62.1564,-7.1664,32.92,69,75,19.57,FO,2022-02-08 23:31:19
187,Luderitz,-26.6481,15.1594,70.97,72,22,9.64,NA,2022-02-08 23:29:33
188,Saint-Augustin,51.226,-58.6502,13.08,95,92,12.73,CA,2022-02-08 23:31:20
189,Codrington,-38.2667,141.9667,71.4,61,89,9.62,AU,2022-02-08 23:31:21
190,Klaksvik,62.2266,-6.589,34.72,66,100,43.58,FO,2022-02-08 23:31:21
191,Kjollefjord,70.9457,27.3465,22.62,82,86,15.37,NO,2022-02-08 23:31:21
192,Abha,18.2164,42.5053,51.62,76,0,0.0,SA,2022-02-08 23:31:22
193,Adrar,20.5022,-10.0711,66.99,11,76,10.56,MR,2022-02-08 23:28:27
194,Pochinki,54.6988,44.8668,30.09,97,100,10.27,RU,2022-02-08 23:31:23
195,Vila Franca Do Campo,37.7167,-25.4333,57.2,77,98,7.85,PT,2022-02-08 23:26:59
196,Manokwari,-0.8667,134.0833,80.01,75,95,3.98,ID,2022-02-08 23:26:59
197,Kedrovyy,56.1667,91.8167,-17.14,99,67,4.59,RU,2022-02-08 23:31:23
198,Tres Arroyos,-38.3739,-60.2798,68.74,46,93,6.2,AR,2022-02-08 23:31:24
199,Clyde River,70.4692,-68.5914,-27.17,75,75,4.61,CA,2022-02-08 23:31:24
200,Vostok,46.4856,135.8833,-2.88,99,98,3.33,RU,2022-02-08 23:28:14
201,Kununurra,-15.7667,128.7333,80.58,74,100,5.75,AU,2022-02-08 23:31:25
202,Lucknow,26.85,80.9167,57.18,94,58,4.61,IN,2022-02-08 23:27:48
203,Margate,51.3813,1.3862,49.96,80,97,7.0,GB,2022-02-08 23:31:26
204,Mozarlandia,-14.7447,-50.5706,73.83,91,98,2.66,BR,2022-02-08 23:31:26
205,Zhangjiakou,40.81,114.8794,21.18,36,87,1.97,CN,2022-02-08 23:31:27
206,Yulara,-25.2406,130.9889,78.64,44,100,14.97,AU,2022-02-08 23:31:28
207,Mar Del Plata,-38.0023,-57.5575,69.1,83,0,15.99,AR,2022-02-08 23:28:23
208,Georgetown,5.4112,100.3354,77.9,94,20,2.3,MY,2022-02-08 23:27:55
209,Ilebo,-4.3167,20.5833,74.28,86,100,1.99,CD,2022-02-08 23:31:28
210,Baruun-Urt,46.6806,113.2792,-2.4,95,28,1.92,MN,2022-02-08 23:31:29
211,Mayor Pablo Lagerenza,-19.9309,-60.7718,79.47,28,3,3.78,PY,2022-02-08 23:31:29
212,Oistins,13.0667,-59.5333,75.29,69,40,9.22,BB,2022-02-08 23:31:30
213,Norman Wells,65.282,-126.8329,-25.56,62,75,2.3,CA,2022-02-08 23:31:30
214,Tawang,27.5833,91.8667,22.1,77,56,5.21,IN,2022-02-08 23:31:30
215,Katsuura,35.1333,140.3,43.2,70,96,13.27,JP,2022-02-08 23:26:57
216,Kamenka,51.3223,42.7678,32.76,96,100,14.2,RU,2022-02-08 23:31:31
217,Tiarei,-17.5333,-149.3333,87.82,79,90,19.55,PF,2022-02-08 23:31:32
218,Gornopravdinsk,60.05,69.9,1.33,97,78,6.22,RU,2022-02-08 23:31:32
219,Kavaratti,10.5669,72.642,78.57,71,60,13.56,IN,2022-02-08 23:31:32
220,Requena,39.4883,-1.1004,43.0,90,0,3.11,ES,2022-02-08 23:31:33
221,Kruisfontein,-34.0033,24.7314,66.18,61,65,7.47,ZA,2022-02-08 23:31:33
222,Preobrazheniye,42.9019,133.9064,23.38,61,2,4.41,RU,2022-02-08 23:31:34
223,Saint Anthony,45.0205,-93.218,42.82,59,0,16.11,US,2022-02-08 23:31:34
224,Khasan,42.4308,130.6434,23.85,63,3,4.29,RU,2022-02-08 23:31:35
225,Misratah,32.3754,15.0925,54.99,53,54,13.62,LY,2022-02-08 23:31:35
226,Leh,34.1667,77.5833,-6.47,85,91,3.91,IN,2022-02-08 23:31:36
227,Hovd,48.0056,91.6419,-12.98,79,21,2.64,MN,2022-02-08 23:28:01
228,Saldanha,-33.0117,17.9442,62.65,93,68,5.32,ZA,2022-02-08 23:31:37
229,Shivrajpur,22.4167,73.65,62.56,64,1,1.74,IN,2022-02-08 23:31:37
230,Olafsvik,64.8945,-23.7142,29.05,76,95,34.25,IS,2022-02-08 23:31:38
231,Warrnambool,-38.3833,142.4833,71.82,75,73,11.34,AU,2022-02-08 23:31:38
232,Dwarka,22.2394,68.9678,68.95,78,1,10.6,IN,2022-02-08 23:31:39
233,Lingao,19.9103,109.6859,69.01,93,100,12.75,CN,2022-02-09 00:32:00
234,Peleduy,59.6289,112.7406,-10.01,98,100,2.39,RU,2022-02-09 00:32:00
235,Diapaga,12.0708,1.7889,73.8,14,23,7.0,BF,2022-02-09 00:32:01
236,Berbera,10.4396,45.0143,73.62,72,6,2.37,SO,2022-02-09 00:32:01
237,Huarmey,-10.0681,-78.1522,71.46,78,100,5.73,PE,2022-02-09 00:32:02
238,Faya,18.3851,42.4509,53.71,81,4,3.69,SA,2022-02-09 00:32:02
239,Vila Velha,-20.3297,-40.2925,78.94,86,20,9.22,BR,2022-02-09 00:32:03
240,Narsaq,60.9167,-46.05,1.62,77,19,8.34,GL,2022-02-09 00:32:04
241,Valleyview,55.0667,-117.2859,41.04,52,100,16.11,CA,2022-02-09 00:32:04
242,Ariquemes,-9.9133,-63.0408,73.31,97,98,0.58,BR,2022-02-09 00:32:05
243,Palmer,42.1584,-72.3287,35.53,66,40,5.75,US,2022-02-09 00:29:35
244,Tumpat,6.1978,102.171,77.94,94,40,0.0,MY,2022-02-09 00:32:06
245,Dali,25.7,100.1833,39.65,67,83,2.53,CN,2022-02-09 00:32:07
246,Novoagansk,61.9449,76.6625,-15.5,99,6,5.55,RU,2022-02-09 00:32:08
247,Fortuna,40.5982,-124.1573,61.09,77,0,12.66,US,2022-02-09 00:32:09
248,Sibolga,1.7427,98.7792,75.85,89,100,3.71,ID,2022-02-09 00:32:09
249,Keti Bandar,24.1447,67.4497,68.65,61,0,8.84,PK,2022-02-09 00:32:10
250,Dudinka,69.4058,86.1778,-0.38,89,100,21.25,RU,2022-02-09 00:32:10
251,Bemidji,47.4736,-94.8803,34.18,95,100,13.8,US,2022-02-09 00:30:11
252,Berdigestyakh,62.0989,126.6992,-30.5,99,94,0.92,RU,2022-02-09 00:32:11
253,Karatau,43.1667,70.4667,31.6,86,100,3.06,KZ,2022-02-09 00:32:12
254,Garmsar,35.2182,52.3409,42.19,37,0,2.01,IR,2022-02-09 00:32:12
255,Kranuan,16.7067,103.0788,78.15,63,9,6.42,TH,2022-02-09 00:32:12
256,Port Lincoln,-34.7333,135.8667,69.17,59,100,9.31,AU,2022-02-09 00:30:32
257,Basco,20.4487,121.9702,74.41,83,100,21.47,PH,2022-02-09 00:32:13
258,Salalah,17.0151,54.0924,69.89,19,0,5.75,OM,2022-02-09 00:32:14
259,Gouyave,12.1646,-61.7296,75.97,78,20,3.44,GD,2022-02-09 00:32:14
260,Vagur,61.4732,-6.8119,37.87,67,96,43.71,FO,2022-02-09 00:32:15
261,Longyearbyen,78.2186,15.6401,13.84,79,75,1.14,SJ,2022-02-09 00:32:15
262,Constitucion,-35.3333,-72.4167,60.3,89,25,15.64,CL,2022-02-09 00:32:15
263,Chama,47.1821,8.4636,38.89,80,10,0.0,CH,2022-02-09 00:32:16
264,Tiznit,29.5833,-9.5,62.24,27,3,10.71,MA,2022-02-09 00:32:17
265,Youhao,47.8667,128.8333,10.17,87,100,2.17,CN,2022-02-09 00:32:17
266,Pilar Do Sul,-23.8131,-47.7164,64.2,92,44,8.37,BR,2022-02-09 00:32:18
267,Ambilobe,-13.2,49.05,73.54,94,100,3.74,MG,2022-02-09 00:32:18
268,Camana,-16.6228,-72.7111,70.61,79,87,4.18,PE,2022-02-09 00:32:19
269,Dandong,40.1292,124.3947,21.29,69,68,2.3,CN,2022-02-09 00:28:03
270,Tazovskiy,67.4667,78.7,-3.77,83,100,15.03,RU,2022-02-09 00:32:14
271,Korla,41.7597,86.1469,22.14,55,100,3.2,CN,2022-02-09 00:32:20
272,Stornoway,58.2093,-6.3865,39.16,78,40,16.11,GB,2022-02-09 00:32:21
273,Perehonivka,48.5355,30.5192,28.76,92,100,7.94,UA,2022-02-09 00:32:21
274,Kungur,57.4368,56.9593,3.0,96,42,6.91,RU,2022-02-09 00:32:22
275,Guarapari,-20.6667,-40.4975,78.89,94,100,5.95,BR,2022-02-09 00:32:22
276,Zhanaozen,43.3,52.8,29.97,71,26,15.03,KZ,2022-02-09 00:32:23
277,De Pere,44.4489,-88.0604,35.82,64,20,8.05,US,2022-02-09 00:32:24
278,Amahai,-3.3333,128.9167,84.9,67,77,1.54,ID,2022-02-09 01:24:05
279,Cap Malheureux,-19.9842,57.6142,75.47,80,100,3.0,MU,2022-02-09 01:24:06
280,Sigayevo,56.4216,53.7757,15.85,96,100,4.65,RU,2022-02-09 01:24:07
281,Xunchang,28.4543,104.715,40.95,82,100,1.72,CN,2022-02-09 01:24:07
282,Gweta,-20.1833,25.2333,72.73,44,7,10.69,BW,2022-02-09 01:24:08
283,Potosi,-19.5836,-65.7531,43.12,81,100,2.13,BO,2022-02-09 01:24:08
284,Lasa,46.6166,10.7002,45.86,40,1,5.1,IT,2022-02-09 01:24:09
285,Ossora,59.2353,163.0719,8.58,93,100,7.07,RU,2022-02-09 01:24:09
286,Pacifica,37.6138,-122.4869,69.8,60,0,9.22,US,2022-02-09 01:24:10
287,Geraldton,-28.7667,114.6,77.13,53,0,14.97,AU,2022-02-09 01:24:10
288,San Quintin,30.4833,-115.95,64.0,38,10,6.49,MX,2022-02-09 01:24:11
289,Nosy Varika,-20.5833,48.5333,77.54,93,94,7.49,MG,2022-02-09 01:24:11
290,Rocha,-34.4833,-54.3333,59.41,81,0,1.9,UY,2022-02-09 01:24:12
291,Lebanon,36.2081,-86.2911,48.72,65,0,8.05,US,2022-02-09 01:19:54
292,Biak,-0.9131,122.8766,81.95,65,100,0.78,ID,2022-02-09 01:24:12
293,Atikokan,48.7555,-91.6216,32.79,98,100,7.96,CA,2022-02-09 01:24:13
294,Modakeke,7.3833,4.2667,71.28,94,73,2.15,NG,2022-02-09 01:24:13
295,Christchurch,-43.5333,172.6333,65.91,87,75,9.22,NZ,2022-02-09 01:21:59
296,Pytalovo,57.0679,27.9138,33.91,92,100,12.75,RU,2022-02-09 01:24:14
297,Bandundu,-3.3167,17.3667,74.64,75,100,4.07,CD,2022-02-09 01:24:14
298,Colon,9.3592,-79.9014,80.62,81,43,8.43,PA,2022-02-09 01:24:15
299,Kaeo,-35.1,173.7833,75.33,95,31,10.36,NZ,2022-02-09 01:24:15
300,Portland,45.5234,-122.6762,51.91,81,75,3.44,US,2022-02-09 01:21:06
301,Omsukchan,62.5333,155.8,-12.05,75,61,2.55,RU,2022-02-09 01:24:16
302,Aleppo,36.25,37.5,42.4,89,100,13.62,SY,2022-02-09 02:17:57
303,Goderich,43.7501,-81.7165,21.9,73,32,10.36,CA,2022-02-09 02:17:58
304,Hamadan,34.7992,48.5146,25.75,74,0,6.91,IR,2022-02-09 02:17:59
305,Norsup,-16.0667,167.3833,81.21,81,100,29.24,VU,2022-02-09 02:18:00
306,Fairbanks,64.8378,-147.7164,6.76,69,0,4.61,US,2022-02-09 02:15:02
307,Iqaluit,63.7506,-68.5145,-0.31,84,100,6.91,CA,2022-02-09 02:18:01
308,Liku,-0.7275,119.8922,79.05,84,100,0.89,ID,2022-02-09 02:18:02
309,Yebaishou,41.3975,119.6408,28.92,30,92,3.13,CN,2022-02-09 02:18:02
310,Jibuti,11.5,42.5,71.02,75,58,14.23,DJ,2022-02-09 02:15:59
311,Usinsk,65.9939,57.5281,7.41,86,13,17.18,RU,2022-02-09 02:18:04
312,Ust-Karsk,52.7011,118.8077,1.96,93,99,1.61,RU,2022-02-09 02:18:04
313,College,64.8569,-147.8028,6.75,69,75,4.61,US,2022-02-09 02:18:05
314,Letlhakeng,-24.0944,25.0298,73.87,49,72,4.09,BW,2022-02-09 02:18:05
315,Tornio,65.8481,24.1466,26.62,99,100,6.49,FI,2022-02-09 02:18:06
316,Quthing,-30.4,27.7003,63.01,48,10,2.17,LS,2022-02-09 02:18:07
317,Tutoia,-2.7619,-42.2744,84.18,87,35,7.81,BR,2022-02-09 02:18:07
318,Sechura,-5.5569,-80.8222,73.26,70,97,10.51,PE,2022-02-09 02:18:08
319,Carnarvon,-24.8667,113.6333,85.44,35,0,13.69,AU,2022-02-09 02:18:09
320,Kuala Terengganu,5.3302,103.1408,82.35,83,20,6.91,MY,2022-02-09 02:15:16
321,Edgewater,28.9889,-80.9023,53.02,93,75,3.44,US,2022-02-09 02:16:44
322,Hofn,64.2539,-15.2082,30.29,61,100,15.61,IS,2022-02-09 02:17:13
323,Noumea,-22.2763,166.4572,84.0,99,99,16.8,NC,2022-02-09 02:18:10
324,Iranduba,-3.2847,-60.1861,77.29,95,99,1.28,BR,2022-02-09 02:55:12
325,Vila,42.0304,-8.1588,40.08,60,0,4.0,PT,2022-02-09 02:55:13
326,Vanimo,-2.6741,141.3028,85.17,69,33,4.63,PG,2022-02-09 02:55:15
327,Aguimes,27.9054,-15.4461,68.67,39,0,1.14,ES,2022-02-09 02:55:16
328,Yeppoon,-23.1333,150.7333,85.78,56,0,11.41,AU,2022-02-09 02:55:17
329,Ketchikan,55.3422,-131.6461,44.58,98,100,8.16,US,2022-02-09 02:55:17
330,Black River,18.0264,-77.8487,73.4,84,11,3.13,JM,2022-02-09 02:55:18
331,Aichach,48.4576,11.1341,40.05,53,75,5.75,DE,2022-02-09 02:55:19
332,Gamba,-2.65,10.0,76.69,91,94,5.21,GA,2022-02-09 02:55:21
333,Vestmannaeyjar,63.4427,-20.2734,35.11,71,92,1.79,IS,2022-02-09 02:55:21
334,Northam,51.0333,-4.2167,49.01,91,100,17.25,GB,2022-02-09 02:55:22
335,Khalilabad,26.775,83.0736,58.84,73,3,6.46,IN,2022-02-09 02:55:23
336,Padang,-0.9492,100.3543,82.45,72,99,3.94,ID,2022-02-09 02:55:23
337,Marawi,7.9986,124.2928,71.65,67,98,7.02,PH,2022-02-09 02:55:24
338,Aswan,24.0934,32.907,56.5,30,0,9.22,EG,2022-02-09 02:55:25
339,Bujaru,-1.515,-48.0447,77.02,99,76,1.79,BR,2022-02-09 02:53:08
340,Progreso,21.2833,-89.6667,66.31,74,100,14.16,MX,2022-02-09 02:55:27
341,Port Hardy,50.6996,-127.4199,46.76,93,100,16.11,CA,2022-02-09 02:55:27
342,Tari,12.4086,4.4914,69.08,14,66,9.42,NG,2022-02-09 02:55:28
343,The Valley,18.217,-63.0578,76.86,71,17,18.54,AI,2022-02-09 02:55:28
344,Kuytun,54.3419,101.5036,-6.39,96,99,7.11,RU,2022-02-09 02:55:29
345,Estevan,49.1334,-102.9842,34.14,80,100,14.54,CA,2022-02-09 02:55:29
346,Mandalgovi,45.7625,106.2708,9.73,45,5,2.77,MN,2022-02-09 02:55:30
347,Durusu,41.3053,28.6767,42.84,78,89,21.0,TR,2022-02-09 02:55:31
348,Merauke,-8.4667,140.3333,84.85,68,100,4.41,ID,2022-02-09 02:55:31
349,Awjilah,29.1081,21.2869,49.8,54,3,11.68,LY,2022-02-09 02:55:32
350,Alferrarede,39.4833,-8.1667,44.47,78,0,4.36,PT,2022-02-09 02:55:33
351,Kohtla-Jarve,59.3986,27.2731,30.87,90,81,14.16,EE,2022-02-09 02:55:33
352,Pemangkat,1.1667,108.9667,82.65,73,94,1.81,ID,2022-02-09 02:55:34
353,Matehuala,23.65,-100.65,50.5,63,0,6.93,MX,2022-02-09 02:52:41
354,Ancud,-41.8697,-73.8203,55.22,78,8,4.56,CL,2022-02-09 02:55:35
355,Puerto Quijarro,-17.7833,-57.7667,72.72,69,99,2.26,BO,2022-02-09 02:55:36
356,Kaitangata,-46.2817,169.8464,61.39,90,100,10.87,NZ,2022-02-09 02:50:41
357,Opuwo,-18.0607,13.84,64.83,61,8,4.16,NA,2022-02-09 02:55:37
358,Tual,-5.6667,132.75,82.47,77,100,11.54,ID,2022-02-09 02:55:39
359,Boyolangu,-8.1181,111.8935,82.4,75,90,1.32,ID,2022-02-09 02:55:39
360,Shetpe,44.1667,52.1167,31.23,66,19,13.29,KZ,2022-02-09 02:55:40
361,Santo Antonio Do Ica,-3.1022,-67.9397,72.79,99,99,1.86,BR,2022-02-09 02:55:41
362,Savelugu,9.6244,-0.8253,76.3,16,63,5.99,GH,2022-02-09 02:55:41
363,Najran,17.4924,44.1277,48.85,42,20,1.61,SA,2022-02-09 02:55:42
364,Sorland,67.667,12.6934,38.41,57,100,35.3,NO,2022-02-09 02:52:51
365,Ambon,-3.6954,128.1814,86.14,70,40,2.3,ID,2022-02-09 02:55:43
366,Rock Springs,41.5875,-109.2029,34.05,55,7,8.01,US,2022-02-09 02:55:44
367,Eyemouth,55.8713,-2.0901,44.83,78,20,27.76,GB,2022-02-09 02:55:45
368,Sungairaya,0.7,108.9,84.58,69,97,1.19,ID,2022-02-09 02:55:46
369,Mahebourg,-20.4081,57.7,76.24,88,40,1.14,MU,2022-02-09 02:50:51
370,Cascais,38.6979,-9.4215,55.06,64,0,5.99,PT,2022-02-09 02:56:48
371,Elk Point,42.6833,-96.6836,44.1,45,3,15.88,US,2022-02-09 02:56:51
372,Gao,16.6362,1.637,65.77,9,0,11.59,ML,2022-02-09 02:56:51
373,Eldoret,0.5204,35.2699,57.29,72,0,10.36,KE,2022-02-09 02:56:52
374,Inirida,3.8653,-67.9239,73.31,96,100,2.84,CO,2022-02-09 02:56:53
375,Carutapera,-1.195,-46.02,75.43,92,42,3.38,BR,2022-02-09 02:56:54
376,Inhambane,-23.865,35.3833,70.23,92,0,6.44,MZ,2022-02-09 02:56:55
377,Kimberley,-28.7323,24.7623,62.29,88,4,3.44,ZA,2022-02-09 02:56:56
378,Killybegs,54.6333,-8.45,41.45,71,94,27.63,IE,2022-02-09 02:56:56
379,Yerbogachen,61.2767,108.0108,-18.33,97,100,2.82,RU,2022-02-09 02:56:57
380,Miles City,46.4083,-105.8406,38.52,46,100,6.71,US,2022-02-09 02:56:58
381,Heinola,61.2056,26.0381,28.49,94,37,5.68,FI,2022-02-09 02:55:09
382,Axim,4.8699,-2.2405,77.22,90,71,3.85,GH,2022-02-09 02:56:59
383,Nara,34.6851,135.8049,47.91,39,8,4.16,JP,2022-02-09 02:57:00
384,Namatanai,-3.6667,152.4333,84.16,70,80,8.23,PG,2022-02-09 02:57:04
385,Naryan-Mar,67.6713,53.087,11.39,91,92,19.01,RU,2022-02-09 02:57:06
386,Tautira,-17.7333,-149.15,86.02,79,64,17.43,PF,2022-02-09 02:57:06
387,Meulaboh,4.1363,96.1285,78.46,86,94,7.65,ID,2022-02-09 02:57:07
388,Chokurdakh,70.6333,147.9167,-41.12,99,97,6.13,RU,2022-02-09 02:57:08
389,Ekhabi,53.5102,142.9671,19.9,93,100,15.21,RU,2022-02-09 02:57:08
390,Bilasipara,26.232,90.2347,64.38,59,17,7.9,IN,2022-02-09 02:57:09
391,Bowen,-20.0167,148.2333,84.42,61,8,13.15,AU,2022-02-09 02:57:09
392,Navahrudak,53.6,25.8333,33.44,87,88,16.78,BY,2022-02-09 02:57:10
393,Labrea,-7.2586,-64.7981,73.22,100,100,2.44,BR,2022-02-09 02:57:11
394,Ivanteyevka,55.9711,37.9208,29.86,99,90,3.78,RU,2022-02-09 02:57:12
395,Gazli,40.1333,63.45,35.85,57,73,2.98,UZ,2022-02-09 02:57:13
396,Inverness,57.4791,-4.224,42.22,90,40,12.66,GB,2022-02-09 02:56:08
397,Srednekolymsk,67.45,153.6833,-33.29,95,63,4.59,RU,2022-02-09 02:57:15
398,Balad,34.0164,44.1453,52.16,51,57,6.49,IQ,2022-02-09 02:57:16
399,Chapais,49.7834,-74.8492,17.38,98,100,3.65,CA,2022-02-09 02:57:16
400,Jizan,17.3333,42.6667,74.34,69,46,2.46,SA,2022-02-09 02:57:17
401,San Rafael,-34.6177,-68.3301,79.66,29,39,12.84,AR,2022-02-09 02:57:17
402,Ixtapa,20.7,-105.2,70.23,85,1,2.39,MX,2022-02-09 02:56:11
403,Charters Towers,-20.1,146.2667,87.67,41,9,5.55,AU,2022-02-09 02:57:18
404,Taoudenni,22.6783,-3.9836,64.47,15,0,12.97,ML,2022-02-09 02:57:19
405,Beruwala,6.4788,79.9828,78.66,70,90,2.77,LK,2022-02-09 02:57:20
406,Katherine,-14.4667,132.2667,89.92,55,20,4.61,AU,2022-02-09 02:55:06
407,Abalak,58.1286,68.5944,0.43,98,77,6.58,RU,2022-02-09 02:57:22
408,Aklavik,68.2191,-135.0107,-37.37,99,52,6.08,CA,2022-02-09 02:57:23
409,Los Llanos De Aridane,28.6585,-17.9182,63.12,79,0,4.61,ES,2022-02-09 02:57:24
410,Imeni Poliny Osipenko,52.4201,136.4853,4.23,90,95,2.1,RU,2022-02-09 02:57:25
411,Zverinogolovskoye,54.4586,64.8542,17.19,89,99,10.47,RU,2022-02-09 02:57:26
412,Yar-Sale,66.8333,70.8333,-0.56,96,93,15.1,RU,2022-02-09 02:57:27
413,San Cristobal,7.7669,-72.225,73.58,90,60,2.26,VE,2022-02-09 02:57:28
414,Guane,22.2025,-84.0875,69.06,91,40,6.82,CU,2022-02-09 02:57:28
415,Snyder,32.7179,-100.9176,53.1,22,0,8.05,US,2022-02-09 02:57:29
416,Kholm,59.2667,32.85,23.11,96,100,4.97,RU,2022-02-09 02:57:29
417,Antalaha,-14.9003,50.2788,74.59,90,68,3.62,MG,2022-02-09 02:58:30
418,Esso,55.9333,158.7,15.44,91,99,4.83,RU,2022-02-09 02:58:30
419,Port Blair,11.6667,92.75,80.64,78,40,8.05,IN,2022-02-09 02:58:31
420,Lazaro Cardenas,17.9583,-102.2,74.19,77,0,2.33,MX,2022-02-09 02:53:40
421,Lupiro,-8.3833,36.6667,71.22,98,100,1.48,TZ,2022-02-09 02:58:32
422,Bandarbeyla,9.4942,50.8122,73.96,71,62,13.91,SO,2022-02-09 02:58:33
423,Takab,36.4009,47.1133,17.55,92,41,3.51,IR,2022-02-09 02:58:34
424,Bengkulu,-3.8004,102.2655,81.43,75,93,8.19,ID,2022-02-09 02:58:34
425,Amapa,1.0,-52.0,71.26,99,91,1.81,BR,2022-02-09 02:58:35
426,Shingu,33.7333,135.9833,50.99,42,37,8.46,JP,2022-02-09 02:58:36
427,Beringovskiy,63.05,179.3167,-14.93,84,2,14.29,RU,2022-02-09 02:58:36
428,Gusinoye Ozero,51.1144,106.2614,11.88,76,100,5.14,RU,2022-02-09 02:58:37
429,Chippewa Falls,44.9369,-91.3929,37.58,82,20,5.75,US,2022-02-09 02:54:05
430,Tripoli,32.8752,13.1875,54.72,53,37,10.38,LY,2022-02-09 02:55:04
431,Umm Kaddadah,13.6017,26.6876,59.29,21,5,12.06,SD,2022-02-09 02:58:39
432,Borba,-4.3878,-59.5939,73.96,98,96,1.66,BR,2022-02-09 02:58:39
433,Alpena,45.0617,-83.4327,27.18,83,83,1.01,US,2022-02-09 02:58:40
434,Nyandoma,61.669,40.1991,24.8,94,99,6.24,RU,2022-02-09 02:58:41
435,Thana,34.6369,72.0739,45.16,58,1,5.77,PK,2022-02-09 02:58:42
436,Lieksa,63.3167,30.0167,25.18,96,100,11.05,FI,2022-02-09 02:58:42
437,Takoradi,4.8845,-1.7554,77.63,87,62,3.36,GH,2022-02-09 02:58:43
438,Rodrigues Alves,-7.738,-72.6509,71.19,95,52,1.81,BR,2022-02-09 02:58:44
439,Azul,-36.777,-59.8585,60.13,75,85,4.94,AR,2022-02-09 02:58:31
440,Kristiinankaupunki,62.2743,21.376,26.62,92,5,7.58,FI,2022-02-09 02:58:45
441,Vaitape,-16.5167,-151.75,81.54,76,33,15.1,PF,2022-02-09 02:58:46
442,Bila Tserkva,49.8094,30.1121,30.43,97,99,9.51,UA,2022-02-09 02:58:47
443,Murchison,-41.8,172.3333,72.88,90,100,3.24,NZ,2022-02-09 02:58:48
444,Maragogi,-9.0122,-35.2225,78.31,78,22,5.21,BR,2022-02-09 02:58:49
445,Saposoa,-6.934,-76.7716,77.61,99,100,1.03,PE,2022-02-09 02:58:49
446,Colonial Heights,37.268,-77.4073,34.65,94,0,0.0,US,2022-02-09 02:58:50
447,Havre-Saint-Pierre,50.2334,-63.5986,25.39,93,100,19.57,CA,2022-02-09 02:58:51
448,Port Macquarie,-31.4333,152.9167,82.89,51,2,11.45,AU,2022-02-09 02:58:52
449,Douala,4.0483,9.7043,78.08,86,56,1.74,CM,2022-02-09 02:58:52
450,Poum,-20.2333,164.0167,81.86,85,100,27.98,NC,2022-02-09 02:58:53
451,Toora-Khem,52.4675,96.11,-4.67,98,100,2.55,RU,2022-02-09 02:58:54
452,Mount Pleasant,32.7941,-79.8626,44.98,96,0,3.44,US,2022-02-09 02:58:55
453,Cuiluan,47.72,128.648,19.24,71,99,2.62,CN,2022-02-09 02:58:55
454,Bondo,3.8146,23.6866,65.16,41,31,3.47,CD,2022-02-09 02:58:56
455,Ahipara,-35.1667,173.1667,81.01,64,7,13.13,NZ,2022-02-09 02:58:57
456,Naftalan,40.5067,46.825,44.02,41,100,6.64,AZ,2022-02-09 02:58:57
457,Saint-Georges,12.0564,-61.7485,76.68,78,20,11.5,GD,2022-02-09 02:58:37
458,Praia Da Vitoria,38.7333,-27.0667,55.65,82,40,8.05,PT,2022-02-09 02:58:59
459,Chute-Aux-Outardes,49.1168,-68.399,26.91,86,100,10.36,CA,2022-02-09 02:59:00
460,Homer,59.6425,-151.5483,17.76,89,77,5.12,US,2022-02-09 02:59:00
461,Batagay-Alyta,67.8006,130.4114,-24.77,93,87,2.57,RU,2022-02-09 02:59:01
462,Sinnamary,5.3833,-52.95,76.96,85,56,5.3,GF,2022-02-09 02:59:02
463,Jatai,-17.8814,-51.7144,68.95,94,100,1.39,BR,2022-02-09 02:59:03
464,Akyab,20.15,92.9,68.68,38,5,7.74,MM,2022-02-09 02:59:04
465,Ales,44.1333,4.0833,38.48,67,42,2.77,FR,2022-02-09 02:59:05
466,Tura,25.5198,90.2201,63.88,52,4,1.45,IN,2022-02-09 02:59:06
467,Kibre Mengist,5.8833,38.9833,51.93,71,1,2.44,ET,2022-02-09 03:00:08
468,Marfino,55.7028,37.3822,29.48,80,100,6.71,RU,2022-02-09 03:00:08
469,Ngunguru,-35.6167,174.5,78.17,90,41,10.16,NZ,2022-02-09 03:00:11
470,Savonlinna,61.8699,28.88,29.25,93,100,8.05,FI,2022-02-09 03:00:13
471,Key West,24.5557,-81.7826,72.0,83,38,16.78,US,2022-02-09 02:59:33
472,Saint-Pierre,-21.3393,55.4781,74.88,73,0,6.91,RE,2022-02-09 03:00:15
473,East Wenatchee Bench,47.4257,-120.2812,45.37,81,100,1.01,US,2022-02-09 03:00:18
474,Pitimbu,-7.4706,-34.8086,79.48,74,21,8.01,BR,2022-02-09 03:00:19
475,Hakui,36.8833,136.7833,46.24,61,76,9.01,JP,2022-02-09 03:00:22
476,Hervey Bay,-25.2986,152.8535,79.75,55,10,17.72,AU,2022-02-09 03:00:23
477,Linhares,-19.3911,-40.0722,74.12,97,93,2.39,BR,2022-02-09 03:00:23
478,Jalu,29.0331,21.5482,49.75,55,3,11.7,LY,2022-02-09 03:00:24
479,Nemuro,43.3236,145.575,26.58,60,7,14.94,JP,2022-02-09 03:00:25
480,Muroto,33.2833,134.15,48.7,59,9,3.29,JP,2022-02-09 03:00:28
481,Mareeba,-17.0,145.4333,86.49,66,36,5.77,AU,2022-02-09 03:00:28
482,Swellendam,-34.0226,20.4417,65.53,84,4,1.57,ZA,2022-02-09 03:00:29
483,Mandurah,-32.55,115.7,80.17,47,0,10.63,AU,2022-02-09 03:00:31
484,Leningradskiy,69.3833,178.4167,-26.9,85,16,5.32,RU,2022-02-09 03:00:32
485,Colares,38.7992,-9.4469,54.9,65,0,5.99,PT,2022-02-09 03:00:33
486,Jacareacanga,-6.2222,-57.7528,73.74,98,93,1.34,BR,2022-02-09 03:00:35
487,Kloulklubed,7.0419,134.2556,81.1,80,100,16.89,PW,2022-02-09 03:00:36
488,Wamba,8.9333,8.6,71.17,20,28,4.56,NG,2022-02-09 03:00:37
489,Dzerzhinskoye,56.8344,95.2283,-16.28,96,49,1.72,RU,2022-02-09 03:00:38
490,Deputatskiy,69.3,139.9,-31.85,94,87,5.61,RU,2022-02-09 03:00:39
491,Egvekinot,66.3167,-179.1667,-12.86,73,3,15.61,RU,2022-02-09 03:00:41
492,Millau,44.0833,2.9167,41.0,73,85,4.76,FR,2022-02-09 03:00:42
493,Marsa Matruh,31.3525,27.2453,53.6,56,78,24.27,EG,2022-02-09 03:00:43
494,Pangnirtung,66.1451,-65.7125,-7.73,97,100,4.41,CA,2022-02-09 03:00:45
495,Severnyy,50.677,36.5532,28.44,74,75,8.95,RU,2022-02-09 03:00:47
496,Pasvalys,56.0594,24.4036,34.92,92,5,10.54,LT,2022-02-09 03:00:48
497,Naranjos,21.35,-97.6833,53.02,73,0,1.43,MX,2022-02-09 03:00:49
498,Balkhash,46.844,74.9804,9.21,85,20,13.42,KZ,2022-02-09 03:00:50
499,Pervomayskiy,53.2485,40.2871,30.13,93,100,4.76,RU,2022-02-09 03:00:51
500,Guerrero Negro,27.9769,-114.0611,64.08,56,38,10.38,MX,2022-02-09 03:00:52
501,Great Falls,47.5002,-111.3008,43.66,43,75,17.27,US,2022-02-09 02:56:50
502,Deder,9.3167,41.45,54.5,58,49,3.22,ET,2022-02-09 03:00:54
503,Buala,-8.145,159.5921,80.22,85,100,7.31,SB,2022-02-09 03:00:55
504,Ulaangom,49.9811,92.0667,-17.12,86,79,1.72,MN,2022-02-09 03:00:56
505,San Ignacio,17.1561,-89.0714,67.37,99,57,4.09,BZ,2022-02-09 03:00:56
506,Dingzhou,38.5131,114.9956,39.94,36,6,3.11,CN,2022-02-09 03:00:57
507,Ostrovnoy,68.0531,39.5131,15.49,89,85,20.2,RU,2022-02-09 03:00:58
508,Pisco,-13.7,-76.2167,69.03,89,97,0.81,PE,2022-02-09 03:00:59
509,Ugoofaaru,5.6667,73.0,80.22,71,97,11.3,MV,2022-02-09 03:01:01
510,Hailin,44.5833,129.4167,13.19,86,57,2.55,CN,2022-02-09 03:01:02
511,Athni,16.7333,75.0667,71.35,40,8,3.96,IN,2022-02-09 03:01:03
512,Utete,-7.986,38.758,71.64,98,100,0.51,TZ,2022-02-09 03:01:04
513,Atambua,-9.1061,124.8925,80.47,79,100,3.91,ID,2022-02-09 02:58:39
514,Dhar,22.6,75.3,63.64,57,91,5.61,IN,2022-02-09 03:01:04
515,Solhan,38.9634,41.0293,32.86,98,100,2.68,TR,2022-02-09 03:01:05
516,Sawtell,-30.3833,153.1,83.19,57,0,12.66,AU,2022-02-09 03:02:06
517,Balikpapan,-1.2675,116.8289,79.79,94,40,8.05,ID,2022-02-09 03:02:07
518,Lahat,-3.8,103.5333,80.17,75,85,2.15,ID,2022-02-09 03:02:08
519,Gubkin,51.2817,37.5458,27.36,82,100,8.75,RU,2022-02-09 03:02:08
520,Teahupoo,-17.8333,-149.2667,80.56,79,51,18.5,PF,2022-02-09 03:02:09
521,Conway,35.0887,-92.4421,50.99,46,100,11.5,US,2022-02-09 03:00:25
522,Manali,13.1667,80.2667,79.07,73,100,7.47,IN,2022-02-09 03:02:46
523,Pyay,18.8167,95.2167,74.97,20,65,5.79,MM,2022-02-09 03:02:47
524,Katima Mulilo,-17.5,24.2667,68.05,86,86,2.17,NA,2022-02-09 03:02:48
525,San Pedro,14.35,121.0167,87.31,59,31,14.99,PH,2022-02-09 03:02:50
526,Maniitsoq,65.4167,-52.9,2.37,98,100,21.09,GL,2022-02-09 03:02:50
527,Uvat,59.1433,68.8953,0.21,97,18,5.97,RU,2022-02-09 03:02:51
528,Patti,31.2808,74.8572,48.27,83,98,6.13,IN,2022-02-09 03:02:52
529,Byron Bay,-28.65,153.6167,81.72,60,0,9.24,AU,2022-02-09 03:02:53
530,Mitsamiouli,-11.3847,43.2844,80.98,78,100,11.79,KM,2022-02-09 03:02:53
531,Les Cayes,18.2,-73.75,74.98,84,17,4.5,HT,2022-02-09 03:02:54
532,Rosarito,32.3333,-117.0333,67.93,29,61,6.73,MX,2022-02-09 03:02:55
533,Ussel,45.55,2.3167,36.09,73,54,1.28,FR,2022-02-09 03:02:55
534,Plettenberg Bay,-34.0527,23.3716,64.92,74,38,5.99,ZA,2022-02-09 03:02:56
535,Prescott,34.54,-112.4685,50.34,23,0,3.0,US,2022-02-09 03:00:01
536,Vikarabad,17.3333,77.9,69.39,64,99,6.22,IN,2022-02-09 02:59:11
537,Freeport,40.6576,-73.5832,36.01,64,2,5.01,US,2022-02-09 02:58:25
538,Cabo San Lucas,22.8909,-109.9124,69.51,70,3,1.99,MX,2022-02-09 03:02:24
539,Kieta,-6.2167,155.6333,86.5,68,78,10.8,PG,2022-02-09 03:02:58
540,Stepantsevo,56.1314,41.7032,27.16,96,99,5.55,RU,2022-02-09 03:02:59
541,Pacific Grove,36.6177,-121.9166,63.1,74,0,3.44,US,2022-02-09 03:02:59
542,Trelew,-43.249,-65.3051,62.87,61,15,15.75,AR,2022-02-09 03:03:00
543,Adeje,28.1227,-16.726,68.97,54,0,4.61,ES,2022-02-09 03:03:00
544,Panguipulli,-39.6333,-72.3333,56.86,83,20,2.26,CL,2022-02-09 03:03:01
545,Jabinyanah,35.035,10.9081,50.07,62,5,12.93,TN,2022-02-09 03:03:02
546,Whitianga,-36.8333,175.7,70.77,96,99,7.38,NZ,2022-02-09 03:03:02
547,Kenai,60.5544,-151.2583,22.08,78,0,16.11,US,2022-02-09 03:03:54
548,Pella,59.7775,30.8181,32.88,97,100,4.32,RU,2022-02-09 03:03:55
549,Hualmay,-11.0964,-77.6139,70.09,80,79,6.8,PE,2022-02-09 03:03:56
550,Auki,-8.7676,160.7034,77.5,92,100,8.12,SB,2022-02-09 03:03:57
551,Kismayo,-0.3582,42.5454,77.14,88,100,16.8,SO,2022-02-09 03:03:58
552,Acapulco,16.8634,-99.8901,75.6,71,4,3.11,MX,2022-02-09 03:02:01
553,Harper,4.375,-7.7169,78.15,86,14,5.48,LR,2022-02-09 03:03:59
554,Chernyshevskiy,63.0128,112.4714,-17.73,95,89,2.37,RU,2022-02-09 03:04:00
555,Edson,53.5835,-116.4356,34.61,80,100,7.9,CA,2022-02-09 03:00:33
556,Pemba,-12.974,40.5178,77.7,94,75,8.05,MZ,2022-02-09 03:04:01
